{
	"1": {
		"id": 1,
		"name": "asd",
		"birthday": "2006-01-02T00:00:00Z",
		"tel": "asd",
		"addr": "asd",
		"desc": "asd",
		"password": ""
	},
	"2": {
		"id": 2,
		"name": "asdas",
		"birthday": "0001-01-01T00:00:00Z",
		"tel": "",
		"addr": "",
		"desc": "",
		"password": "65ded5353c5ee48d0b7d48c591b8f430"
	},
	"3": {
		"id": 3,
		"name": "num",
		"birthday": "0001-01-01T00:00:00Z",
		"tel": "",
		"addr": "",
		"desc": "",
		"password": "202cb962ac59075b964b07152d234b70"
	},
	"4": {
		"id": 4,
		"name": "123",
		"birthday": "2020-03-05T00:00:00Z",
		"tel": "123",
		"addr": "123",
		"desc": "123",
		"password": "123"
	},
	"5": {
		"id": 5,
		"name": "1",
		"birthday": "0001-01-01T00:00:00Z",
		"tel": "1",
		"addr": "1",
		"desc": "1",
		"password": "1"
	}
}